product_id,title,initial_price,final_price,rating,category,quantity,total_amount
8376765,Lino Perros,3995,3995.0,3.8,backpacks,1,3995.0
9136281,Tommy Hilfiger,2899,2899.0,4.5,backpacks,1,2899.0
17633752,Lavie,2999,2999.0,4.4,backpacks,1,2999.0
1376949,F Gear,1675,1675.0,4.4,backpacks,1,1675.0
13939916,MYTRIDENT,2899,2899.0,4.7,bath-robe,1,2899.0
17198778,H&M,1399,1399.0,4.5,bathroom-accessories,1,1399.0
19851824,AVI Living,1399,1399.0,4.0,bath-towels,1,1399.0
18602872,My Room,2999,2999.0,4.7,bedsheets,1,2999.0
18602850,My Room,2999,2999.0,4.5,bedsheets,1,2999.0
8961147,Story@home,2199,2199.0,3.7,bedsheets,1,2199.0
8430275,MYTRIDENT,2199,2199.0,4.4,bedsheets,1,2199.0
18492504,ROMEE,3499,3499.0,3.9,bedsheets,1,3499.0
13729978,DDecor,1599,1599.0,3.6,bedsheets,1,1599.0
19788630,Home Ecstasy,1199,1199.0,4.5,bedsheets,1,1199.0
20296382,DREAM WEAVERZ,2599,2599.0,3.8,bedsheets,1,2599.0
18346134,Arrabi,6329,6329.0,4.3,bedsheets,1,6329.0
22409156,Kastner,1399,223.0,3.8,belts,1,223.0
18985918,Tommy Hilfiger,2999,1799.0,4.1,bodysuit,1,1799.0
22120138,Ed-a-Mamma Baby,999,699.0,4.2,bodysuit,1,699.0
1728397,Mactree,9060,1087.0,3.9,boots,1,1087.0
21427828,London Rag,9599,3839.0,5.0,boots,1,3839.0
17372928,The Souled Store,799,367.0,4.5,boxers,1,367.0
15115018,Jockey,579,579.0,4.4,bra,1,579.0
22063882,GROVERSONS Paris Beauty,399,299.0,4.0,bra,1,299.0
19219450,Susie,749,374.0,4.3,bra,1,374.0
22196924,Zivame,999,499.0,4.3,bra,1,499.0
19219468,Susie,699,398.0,4.0,bra,1,398.0
19277544,Marks & Spencer,2999,2249.0,4.3,bra,1,2249.0
18223842,max,449,449.0,4.1,bra,1,449.0
18656766,VStar,345,345.0,4.6,bra,1,345.0
18656764,VStar,345,345.0,4.3,bra,1,345.0
13523458,shyaway,2547,2547.0,4.3,bra,1,2547.0
18652628,max,649,649.0,4.2,bra,1,649.0
17774350,Zivame,995,995.0,4.2,bra,1,995.0
16704504,ZINU,699,384.0,4.1,bracelet,1,384.0
21873792,KARATCART,3397,815.0,4.6,bracelet,1,815.0
21573578,Jewels Galaxy,1329,305.0,4.2,bracelet,1,305.0
18100576,MINUTIAE,1499,1499.0,3.2,bracelet,1,1499.0
16696094,Van Heusen,649,649.0,4.6,briefs,1,649.0
21867416,DressBerry,299,215.0,4.1,briefs,1,215.0
21850852,Soie,390,370.0,4.9,briefs,1,370.0
21569986,Chromozome,1199,395.0,4.2,briefs,1,395.0
19206416,ABELINO,1899,379.0,3.6,briefs,1,379.0
22196594,Zoiro,499,499.0,5.0,briefs,1,499.0
22196914,Zivame,799,399.0,4.6,briefs,1,399.0
21906602,bummer,599,449.0,4.6,briefs,1,449.0
13889998,XYXX,249,249.0,4.1,briefs,1,249.0
22436508,Bruchi CLUB,888,310.0,5.0,briefs,1,310.0
21877640,DressBerry,299,230.0,3.7,camisoles,1,230.0
18882294,VStar,265,265.0,4.8,camisoles,1,265.0
13669894,Vastraa Fusion,1699,1699.0,3.5,caps,1,1699.0
16281444,Bharatasya,699,223.0,4.3,caps,1,223.0
20129438,Skechers,12999,7799.0,3.8,casual-shoes,1,7799.0
18506050,Bata,1199,539.0,4.4,casual-shoes,1,539.0
21739362,Prolific,2660,771.0,3.9,casual-shoes,1,771.0
21903832,U.S. Polo Assn.,4299,3224.0,4.1,casual-shoes,1,3224.0
21651940,HIGHLANDER,1898,569.0,3.4,casual-shoes,1,569.0
21321784,San Frissco,5995,1678.0,4.3,casual-shoes,1,1678.0
21907914,MOZAFIA,1999,799.0,4.0,casual-shoes,1,799.0
21497770,Puma,4999,2249.0,4.1,casual-shoes,1,2249.0
21169272,HRX by Hrithik Roshan,3299,1649.0,3.9,casual-shoes,1,1649.0
13643492,WROGN,3599,3599.0,3.7,casual-shoes,1,3599.0
13638220,FAUSTO,999,999.0,3.2,casual-shoes,1,999.0
13638232,FAUSTO,1299,1299.0,2.5,casual-shoes,1,1299.0
18489168,TOMS,4999,4999.0,4.3,casual-shoes,1,4999.0
18091436,HIGHLANDER,2198,659.0,3.9,casual-shoes,1,659.0
17312062,Clarks,6999,6999.0,4.6,casual-shoes,1,6999.0
17314086,EVERLY,1499,899.0,3.7,casual-shoes,1,899.0
17312144,Clarks,10999,7149.0,3.7,casual-shoes,1,7149.0
16284648,Crew STREET,3099,1394.0,4.1,casual-shoes,1,1394.0
19103830,PUMA Motorsport,6999,4199.0,4.5,casual-shoes,1,4199.0
21937664,Cortina,2598,935.0,4.7,chair-cover,1,935.0
16712992,Cutiekins,1999,719.0,4.1,clothing-set,1,719.0
21836198,Nottie Planet,449,314.0,4.5,clothing-set,1,314.0
18193844,Rubans,1980,1980.0,4.1,clutches,1,1980.0
16694464,Ahalyaa,5000,1700.0,4.1,co-ords,1,1700.0
18494054,Home Sizzler,799,399.0,4.3,curtains-and-sheers,1,399.0
16185546,ellementry,1750,1750.0,5.0,cutlery,1,1750.0
15174886,MIAH Decor,599,359.0,3.2,dinnerware,1,359.0
21664722,Curvy Clan,2999,2999.0,3.7,dresses,1,2999.0
21426422,Trendyol,4399,2419.0,4.1,dresses,1,2419.0
21238004,COVER STORY,3490,2094.0,4.8,dresses,1,2094.0
21426632,Trendyol,3599,2519.0,3.9,dresses,1,2519.0
21673378,RACHNA,1299,628.0,3.0,dresses,1,628.0
21665324,Harpa,1999,899.0,2.3,dresses,1,899.0
21664854,aarke Ritu Kumar,2200,1540.0,4.0,dresses,1,1540.0
21664974,Label Ritu Kumar,4500,3150.0,4.6,dresses,1,3150.0
21664840,aarke Ritu Kumar,3500,2450.0,4.0,dresses,1,2450.0
21980370,Tokyo Talkies,1599,335.0,3.7,dresses,1,335.0
22004792,WoowZerz,2495,1247.0,4.8,dresses,1,1247.0
21979790,Vishudh,2049,471.0,3.8,dresses,1,471.0
18962890,Athena,2499,899.0,4.0,dresses,1,899.0
19027298,DressBerry,1499,884.0,3.8,dresses,1,884.0
18962984,Athena,2499,799.0,4.3,dresses,1,799.0
18951626,Berrylush,1899,398.0,4.0,dresses,1,398.0
18816460,Ethnovog,7828,3757.0,3.7,dresses,1,3757.0
18944812,DRAAX Fashions,2399,2399.0,3.6,dresses,1,2399.0
18977246,AURELIA,4299,1750.0,4.1,dresses,1,1750.0
18803110,Athena Girl,2299,597.0,3.5,dresses,1,597.0
18962990,Athena,2499,849.0,4.2,dresses,1,849.0
18951632,Berrylush,1899,379.0,3.9,dresses,1,379.0
18956684,Forevermore,1599,1599.0,4.2,dresses,1,1599.0
18981160,Amydus,2799,2799.0,4.7,dresses,1,2799.0
18962952,Athena,2799,1119.0,4.2,dresses,1,1119.0
18207844,H&M,1999,1999.0,3.0,dresses,1,1999.0
15736838,U&F,1999,679.0,3.8,dresses,1,679.0
15788324,Tokyo Talkies,1399,475.0,4.2,dresses,1,475.0
15691054,QUIERO,2686,940.0,3.4,dresses,1,940.0
15691070,QUIERO,2820,987.0,4.1,dresses,1,987.0
13770986,all about you,2999,2999.0,4.2,dresses,1,2999.0
17586858,RARE,1799,809.0,3.4,dresses,1,809.0
17692606,Style Quotient,1899,892.0,3.9,dresses,1,892.0
17592092,U&F,2899,753.0,4.1,dresses,1,753.0
17661682,Tokyo Talkies,1549,340.0,4.1,dresses,1,340.0
17692718,Style Quotient,1599,495.0,4.8,dresses,1,495.0
17194598,Tokyo Talkies,1749,437.0,4.3,dresses,1,437.0
17194592,Tokyo Talkies,1749,367.0,4.1,dresses,1,367.0
18207478,Tokyo Talkies,699,279.0,4.1,dresses,1,279.0
19032542,BUY NEW TREND,1499,749.0,3.8,dresses,1,749.0
18996672,Bella Moda,2017,605.0,4.6,dresses,1,605.0
15191784,Kazo,3690,1476.0,4.0,dresses,1,1476.0
19213200,Label Ritu Kumar,5200,3120.0,4.8,dresses,1,3120.0
19213186,Label Ritu Kumar,6900,4830.0,1.9,dresses,1,4830.0
20040576,U&F,2899,927.0,3.8,dresses,1,927.0
19987092,Vastralay,2999,659.0,4.2,dresses,1,659.0
10054817,Veni Vidi Vici,1890,756.0,4.3,dresses,1,756.0
10054855,Veni Vidi Vici,1890,756.0,4.2,dresses,1,756.0
10691426,SASSAFRAS,2199,769.0,4.5,dresses,1,769.0
20040566,U&F,2899,869.0,3.3,dresses,1,869.0
18963006,Athena,2499,799.0,4.3,dresses,1,799.0
19513066,Stylecast X Hersheinbox,2559,2559.0,4.5,dresses,1,2559.0
13703862,Style Quotient,1749,507.0,3.9,dresses,1,507.0
18975316,Berrylush,3200,640.0,4.2,dresses,1,640.0
21664826,aarke Ritu Kumar,2800,1960.0,4.0,dresses,1,1960.0
21242962,Tommy Hilfiger,5999,5699.0,4.4,dresses,1,5699.0
21653646,ONLY,3299,1319.0,4.6,dresses,1,1319.0
20022902,Slenor,3599,1475.0,4.4,dresses,1,1475.0
20046216,YK Disney,999,329.0,5.0,dresses,1,329.0
22616192,Oomph!,1340,495.0,3.9,dresses,1,495.0
13391600,Mast & Harbour,1499,524.0,3.7,dresses,1,524.0
22590642,YU by Pantaloons,1499,719.0,4.8,dresses,1,719.0
13572604,Tokyo Talkies,1799,1799.0,4.2,dresses,1,1799.0
13649832,all about you,1999,1999.0,4.3,dresses,1,1999.0
13487998,THREAD MUSTER,2499,2499.0,2.7,dresses,1,2499.0
13467444,Sugr,899,899.0,3.8,dresses,1,899.0
13387584,Wish Karo,1999,699.0,4.1,dresses,1,699.0
22634940,Rustorange,3399,1495.0,3.8,dresses,1,1495.0
22622806,HERE&NOW,2999,989.0,4.0,dresses,1,989.0
13558254,Tokyo Talkies,1349,1349.0,4.1,dresses,1,1349.0
13586840,all about you,1899,1899.0,4.0,dresses,1,1899.0
13586818,all about you,1899,1899.0,4.0,dresses,1,1899.0
13406942,Global Desi,1799,449.0,4.8,dresses,1,449.0
1341220,Miss Chase,1149,689.0,4.4,dresses,1,689.0
13387582,Wish Karo,2123,743.0,4.7,dresses,1,743.0
22638540,Oomph!,1340,495.0,2.3,dresses,1,495.0
13391540,Mast & Harbour,1999,679.0,4.1,dresses,1,679.0
13447736,DODO & MOA,2799,1119.0,2.1,dresses,1,1119.0
13435624,Deewa,2199,681.0,4.1,dresses,1,681.0
13382036,plusS,1899,322.0,4.2,dresses,1,322.0
13449506,DOOR74,2399,719.0,5.0,dresses,1,719.0
13411990,DODO & MOA,2990,1046.0,2.8,dresses,1,1046.0
22590644,YU by Pantaloons,1399,643.0,4.7,dresses,1,643.0
13375140,HOUSE OF KKARMA,3499,1224.0,3.9,dresses,1,1224.0
13398280,Zastraa,3299,989.0,4.3,dresses,1,989.0
13379612,THE SILHOUETTE STORE,1399,1399.0,2.0,dresses,1,1399.0
22630128,NUEVOSDAMAS,1999,599.0,2.8,dresses,1,599.0
22596522,Vero Moda,3799,1329.0,4.3,dresses,1,1329.0
22619942,Styli,2799,1371.0,3.7,dresses,1,1371.0
12356000,KLEIO,3499,3499.0,4.6,duffel-bag,1,3499.0
12944214,Cherry Crumble,2599,1429.0,3.8,dungarees,1,1429.0
21656682,Dupatta Bazaar,999,499.0,4.3,dupatta,1,499.0
22601210,Nimidiya,999,399.0,4.5,dupatta,1,399.0
22601148,Nimidiya,999,399.0,3.3,dupatta,1,399.0
22601132,Nimidiya,999,399.0,3.2,dupatta,1,399.0
20195790,Dupatta Bazaar,999,999.0,4.7,dupatta,1,999.0
12999996,Vishudh,599,227.0,4.6,dupatta,1,227.0
15720652,Rubans,1480,355.0,3.8,earrings,1,355.0
15713414,Crunchy Fashion,1998,639.0,4.2,earrings,1,639.0
15750524,Priyaasi,7999,2079.0,4.4,earrings,1,2079.0
15014966,Priyaasi,3949,947.0,4.9,earrings,1,947.0
10125243,KARATCART,1282,487.0,4.0,earrings,1,487.0
10564232,PRITA BY PRIYAASI,1130,350.0,4.3,earrings,1,350.0
10135431,Priyaasi,1000,500.0,4.5,earrings,1,500.0
10125225,KARATCART,1568,423.0,4.1,earrings,1,423.0
10125241,KARATCART,1711,307.0,4.2,earrings,1,307.0
19925208,Yellow Chimes,774,433.0,4.1,earrings,1,433.0
20064092,AMI,1995,399.0,3.8,earrings,1,399.0
17354670,ANIKAS CREATION,1995,1995.0,4.0,earrings,1,1995.0
20041906,KARATCART,1730,605.0,4.3,earrings,1,605.0
22601952,SOHI,1455,349.0,4.5,earrings,1,349.0
22618882,Saraf RS Jewellery,3795,872.0,4.2,earrings,1,872.0
14467848,GIVA,2799,1399.0,4.4,earrings,1,1399.0
14399558,Shoshaa,2488,696.0,4.6,earrings,1,696.0
19072820,FemNmas,249,249.0,4.4,earrings,1,249.0
13402874,Crunchy Fashion,1575,346.0,4.2,earrings,1,346.0
13340876,Kord Store,4524,542.0,4.4,earrings,1,542.0
12930940,TOKYO TALKIES X rubans FASHION ACCESSORIES,1650,313.0,3.9,earrings,1,313.0
12930744,ANIKAS CREATION,1075,483.0,4.4,earrings,1,483.0
12928904,ANIKAS CREATION,1600,480.0,3.8,earrings,1,480.0
21604464,Inddus,6299,2645.0,3.3,ethnic-dresses,1,2645.0
21990058,Rustorange,3299,1484.0,5.0,ethnic-dresses,1,1484.0
21992820,PANIT,7999,2319.0,4.4,ethnic-dresses,1,2319.0
15741084,Ashnaina,1799,629.0,3.2,ethnic-dresses,1,629.0
15741088,Ashnaina,1799,593.0,4.1,ethnic-dresses,1,593.0
15788632,AURELIA,2499,1380.0,4.2,ethnic-dresses,1,1380.0
15749780,W,3999,1599.0,4.3,ethnic-dresses,1,1599.0
16197802,Vishudh,3049,853.0,3.9,ethnic-dresses,1,853.0
19197596,W,2799,1420.0,3.9,ethnic-dresses,1,1420.0
18922226,Ahalyaa,4300,1591.0,2.8,ethnic-dresses,1,1591.0
22411344,Juniper,4149,1037.0,3.9,ethnic-dresses,1,1037.0
19990734,VASTRAMAY,2499,974.0,4.7,ethnic-dresses,1,974.0
10127829,Geroo Jaipur,2499,999.0,3.8,ethnic-dresses,1,999.0
10132319,Karmic Vision,4999,2349.0,3.9,ethnic-dresses,1,2349.0
13404948,YASH GALLERY,3899,935.0,4.1,ethnic-dresses,1,935.0
12994772,Souchii,1999,1059.0,3.9,ethnic-dresses,1,1059.0
13355452,Rangriti,1299,1299.0,4.4,ethnic-dresses,1,1299.0
13405888,Saanjh,1969,787.0,4.0,ethnic-dresses,1,787.0
22603284,JAIPURI COLLECTION,2899,840.0,3.9,ethnic-dresses,1,840.0
22583702,Mialo fashion,2999,659.0,2.7,ethnic-dresses,1,659.0
15787112,Mamaearth,319,280.0,4.3,face-moisturisers,1,280.0
10075857,Organic Harvest,845,676.0,3.7,face-moisturisers,1,676.0
12926546,natural vibes,449,426.0,4.8,face-wash-and-cleanser,1,426.0
18299664,Bata,1199,959.0,3.8,flats,1,959.0
19974396,FORVELA,999,449.0,3.9,flats,1,449.0
16704788,Birkenstock,4990,4990.0,4.5,flats,1,4990.0
21888172,Brauch,1499,599.0,4.0,flats,1,599.0
21735080,Birkenstock,6990,6990.0,4.5,flats,1,6990.0
21735014,Birkenstock,9490,9490.0,4.8,flats,1,9490.0
21928414,Clarks,3499,3499.0,4.0,flats,1,3499.0
18638536,CODE by Lifestyle,1499,1499.0,4.0,flats,1,1499.0
13596626,Anouk,2299,2299.0,4.3,flats,1,2299.0
13533588,Padvesh,899,899.0,3.9,flats,1,899.0
21205620,Tommy Hilfiger,2599,1559.0,4.3,flip-flops,1,1559.0
21497394,Puma,999,499.0,4.1,flip-flops,1,499.0
18489598,Campus,449,359.0,3.1,flip-flops,1,359.0
18521180,Reebok,1999,999.0,4.5,flip-flops,1,999.0
18504724,Bata,999,449.0,3.5,flip-flops,1,449.0
20124616,Duke,399,259.0,4.3,flip-flops,1,259.0
19790160,toothless,499,199.0,4.1,flip-flops,1,199.0
18598106,Ginger by Lifestyle,499,499.0,4.4,flip-flops,1,499.0
13579258,HIGHLANDER,798,798.0,3.8,flip-flops,1,798.0
16168398,Bata,599,449.0,4.1,flip-flops,1,449.0
15134218,Paragon,599,329.0,4.0,flip-flops,1,329.0
13639590,U.S. Polo Assn.,1499,749.0,3.5,flip-flops,1,749.0
21431930,yoho,1499,554.0,4.0,flip-flops,1,554.0
21597086,Paragon,799,439.0,3.0,flip-flops,1,439.0
13374206,Saral Home,1199,659.0,3.4,floor-mats--dhurries,1,659.0
13374286,Saral Home,1999,1459.0,4.7,floor-mats--dhurries,1,1459.0
13374334,Saral Home,1999,1459.0,4.4,floor-mats--dhurries,1,1459.0
1848495,Teakwood Leathers,10199,4079.0,3.5,formal-shoes,1,4079.0
21931392,Clarks,9999,5999.0,4.4,formal-shoes,1,5999.0
17755896,Red Tape,6899,6899.0,4.0,formal-shoes,1,6899.0
21656954,Fashion Victim,3999,1119.0,3.5,formal-shoes,1,1119.0
22609796,HERE&NOW,2999,899.0,3.7,formal-shoes,1,899.0
13411744,CARLO ROMANO,3998,2078.0,3.7,formal-shoes,1,2078.0
21602846,SUGAR,899,899.0,4.2,foundation,1,899.0
14950128,YK,699,349.0,4.5,gloves,1,349.0
21996616,CHANDERKASH,1199,479.0,3.0,hair-accessory,1,479.0
22579802,DIAN,1000,440.0,1.8,hair-accessory,1,440.0
16721772,BodyHerbals,399,335.0,4.4,hair-brush-and-comb,1,335.0
18584192,7 DAYS,499,219.0,4.5,hair-cream-and-mask,1,219.0
18584190,7 DAYS,499,219.0,4.4,hair-masks,1,219.0
21421856,Baggit,1990,796.0,4.4,handbags,1,796.0
21421918,Baggit,1890,1039.0,4.6,handbags,1,1039.0
16696848,Accessorize,4995,1648.0,4.6,handbags,1,1648.0
18200086,Caprese,3699,924.0,4.0,handbags,1,924.0
7743536,Lino Perros,4495,4495.0,4.5,handbags,1,4495.0
7743355,Lino Perros,3495,3495.0,4.3,handbags,1,3495.0
8293015,Lychee bags,1699,1699.0,3.9,handbags,1,1699.0
17637810,Toteteca,3099,3099.0,4.8,handbags,1,3099.0
17761230,Caprese,3999,3999.0,4.1,handbags,1,3999.0
15188034,Metro,1290,1290.0,4.3,handbags,1,1290.0
21762808,Baggit,1690,845.0,4.6,handbags,1,845.0
21421996,Baggit,1990,995.0,4.5,handbags,1,995.0
21621752,Berrylush,3299,1349.0,4.0,handbags,1,1349.0
13359482,FLYING BERRY,2999,1679.0,4.9,handbags,1,1679.0
13389422,DailyObjects,2999,1139.0,4.3,handbags,1,1139.0
13389410,DailyObjects,2999,1139.0,4.2,handbags,1,1139.0
22603262,DailyObjects,3999,2999.0,3.8,handbags,1,2999.0
17743820,NOISE,3499,3499.0,3.8,headphones,1,3499.0
19219056,BLAUPUNKT,5999,3999.0,4.5,headphones,1,3999.0
16193242,CrossBeats,9999,9999.0,1.7,headphones,1,9999.0
13474452,Allen Solly,2299,2299.0,4.3,heels,1,2299.0
17647418,FOOTONS,3199,3199.0,5.0,heels,1,3199.0
13475738,TRASE,1599,1599.0,4.0,heels,1,1599.0
22217088,DressBerry,1599,735.0,4.1,heels,1,735.0
22200396,Bruno Manetti,3999,1479.0,4.0,heels,1,1479.0
19217010,Inc 5,2690,2690.0,4.4,heels,1,2690.0
22200418,Bruno Manetti,3999,1399.0,3.9,heels,1,1399.0
15120922,Anouk,2699,1079.0,4.0,heels,1,1079.0
16276014,Iris,700,595.0,4.5,home-fragrance-set,1,595.0
16299490,Bodycare Kids,978,978.0,3.8,innerwear-vests,1,978.0
22429820,YK Basics,1299,532.0,3.5,innerwear-vests,1,532.0
19014822,mothercare,3499,2624.0,4.6,jackets,1,2624.0
19015560,U.S. Polo Assn. Kids,2499,1424.0,4.5,jackets,1,1424.0
19020502,U.S. Polo Assn.,6299,2960.0,4.4,jackets,1,2960.0
19014828,mothercare,2999,2249.0,4.5,jackets,1,2249.0
18976038,VOXATI,2599,1090.0,3.9,jackets,1,1090.0
19015652,U.S. Polo Assn. Kids,2799,1511.0,4.2,jackets,1,1511.0
19020536,U.S. Polo Assn.,6999,3499.0,4.1,jackets,1,3499.0
19020616,U.S. Polo Assn.,6299,3149.0,4.3,jackets,1,3149.0
19020478,U.S. Polo Assn.,4599,2759.0,4.3,jackets,1,2759.0
19020722,U.S. Polo Assn.,5999,2999.0,4.0,jackets,1,2999.0
19837040,High Star,3749,3749.0,4.1,jackets,1,3749.0
19837008,High Star,4549,4549.0,3.9,jackets,1,4549.0
19020654,U.S. Polo Assn.,6999,3499.0,4.0,jackets,1,3499.0
14991614,Roadster,1699,509.0,4.2,jackets,1,509.0
16182066,People,1799,935.0,4.3,jackets,1,935.0
19231126,Mast & Harbour,4499,1439.0,4.2,jackets,1,1439.0
19987190,Peter England,2499,1849.0,3.9,jackets,1,1849.0
19020564,U.S. Polo Assn.,5299,2649.0,4.3,jackets,1,2649.0
19015534,U.S. Polo Assn. Kids,2499,1599.0,4.1,jackets,1,1599.0
19020450,U.S. Polo Assn.,6499,3249.0,4.3,jackets,1,3249.0
19020572,U.S. Polo Assn.,5499,2749.0,4.0,jackets,1,2749.0
14281506,HRX by Hrithik Roshan,3299,3299.0,3.9,jackets,1,3299.0
11973216,Mast & Harbour,2699,2699.0,4.0,jackets,1,2699.0
19020676,U.S. Polo Assn.,5699,3134.0,4.6,jackets,1,3134.0
19020358,U.S. Polo Assn.,5799,2899.0,3.5,jackets,1,2899.0
19020568,U.S. Polo Assn.,6999,4199.0,4.2,jackets,1,4199.0
18973692,Levis,4099,4099.0,4.2,jeans,1,4099.0
18973742,Levis,4399,2287.0,4.2,jeans,1,2287.0
19008522,Calvin Klein Jeans,7999,4799.0,3.8,jeans,1,4799.0
18974084,Levis,4399,1891.0,4.2,jeans,1,1891.0
18873126,KETCH,1749,629.0,4.0,jeans,1,629.0
18826658,Chemistry,1899,854.0,3.7,jeans,1,854.0
18960426,Lee,3799,1709.0,3.9,jeans,1,1709.0
18802522,BEAT LONDON by PEPE JEANS,2799,1399.0,4.0,jeans,1,1399.0
18973648,Levis,4099,4099.0,4.2,jeans,1,4099.0
18973888,Levis,4099,4099.0,4.4,jeans,1,4099.0
18973730,Levis,4399,4399.0,4.1,jeans,1,4399.0
18973948,Levis,4999,3499.0,4.0,jeans,1,3499.0
19008496,Calvin Klein Jeans,7999,4799.0,5.0,jeans,1,4799.0
18992754,AMERICAN EAGLE OUTFITTERS,4499,1799.0,4.8,jeans,1,1799.0
18973922,Levis,4099,4099.0,4.1,jeans,1,4099.0
18979610,KiddoPanti,1399,671.0,3.9,jeans,1,671.0
18675392,Jack & Jones,3499,1749.0,3.8,jeans,1,1749.0
18973950,Levis,4999,2449.0,4.1,jeans,1,2449.0
18198558,FOREVER 21,1799,1799.0,3.7,jeans,1,1799.0
18094702,Roadster,2499,2499.0,3.9,jeans,1,2499.0
19842706,Llak Jeans,2299,2299.0,4.2,jeans,1,2299.0
13768634,Nautica,4999,4999.0,4.6,jeans,1,4999.0
18973700,Levis,4699,4699.0,3.8,jeans,1,4699.0
18973728,Levis,4399,4399.0,4.4,jeans,1,4399.0
18903330,Levis,3299,1649.0,4.4,jeans,1,1649.0
18973740,Levis,4099,4099.0,4.3,jeans,1,4099.0
18953840,KETCH,1899,607.0,3.2,jeans,1,607.0
18969982,Allen Solly Junior,1799,1169.0,4.2,jeans,1,1169.0
18953870,KETCH,1749,682.0,3.8,jeans,1,682.0
19017664,Allen Solly Sport,3299,1979.0,3.9,jeans,1,1979.0
18925586,KETCH,1749,649.0,3.6,jeans,1,649.0
18734066,Flying Machine,2699,1052.0,4.1,jeans,1,1052.0
18993370,Blackberrys,3295,1647.0,4.3,jeans,1,1647.0
15190770,AMERICAN EAGLE OUTFITTERS,3999,1599.0,4.0,jeans,1,1599.0
22005330,H&M,2999,2999.0,3.8,jeans,1,2999.0
15067844,Flying Machine,2399,1199.0,4.1,jeans,1,1199.0
19059688,Flying Machine,2999,1499.0,3.7,jeans,1,1499.0
18960434,Lee,3999,1999.0,4.4,jeans,1,1999.0
18925582,KETCH,1999,739.0,2.9,jeans,1,739.0
18973952,Levis,3499,3499.0,4.1,jeans,1,3499.0
18973778,Levis,4399,2155.0,3.7,jeans,1,2155.0
18689340,Flying Machine,2349,1362.0,4.3,jeans,1,1362.0
18708638,Dennis Lingo,3199,863.0,3.4,jeans,1,863.0
18734000,Flying Machine,2699,1052.0,3.7,jeans,1,1052.0
18973790,Levis,5599,2799.0,4.3,jeans,1,2799.0
21184968,HERE&NOW,2399,767.0,4.6,jeans,1,767.0
18734380,Flying Machine,2599,2599.0,3.6,jeans,1,2599.0
18736356,H&M,2699,2024.0,3.8,jeans,1,2024.0
18903148,Levis,3899,2027.0,4.3,jeans,1,2027.0
18734006,Flying Machine,2499,1249.0,4.3,jeans,1,1249.0
18928362,AMERICAN EAGLE OUTFITTERS,4499,1799.0,4.1,jeans,1,1799.0
18964420,American Bull,4299,1633.0,4.5,jeans,1,1633.0
18734132,Flying Machine,2499,974.0,3.6,jeans,1,974.0
18973914,Levis,3799,2089.0,4.4,jeans,1,2089.0
15049188,Roadster,2099,692.0,4.5,jumpsuit,1,692.0
19841310,SHOWOFF,1500,1500.0,4.0,kurtas,1,1500.0
17760672,Cayman,1345,1345.0,4.0,kurtas,1,1345.0
17656880,Vishudh,1499,1499.0,4.4,kurtas,1,1499.0
22214714,Nehamta,1227,699.0,3.7,kurtas,1,699.0
16186258,Vishudh,1799,377.0,4.2,kurtas,1,377.0
22110424,VASTRADO,1199,539.0,5.0,kurtas,1,539.0
18637234,House of Pataudi,2499,2499.0,4.2,kurtas,1,2499.0
17627254,HERE&NOW,1599,1599.0,3.9,kurtas,1,1599.0
13562488,KSUT,1599,1599.0,4.3,kurtas,1,1599.0
17644540,Libas,2499,899.0,4.2,kurtas,1,899.0
13506804,Ishin,5199,5199.0,4.1,kurtas,1,5199.0
18637284,House of Pataudi,3999,3999.0,4.1,kurtas,1,3999.0
19574714,Cayman,5995,5995.0,4.3,kurtas,1,5995.0
19580226,DEVOILER,2499,2499.0,4.7,kurtas,1,2499.0
19513786,Desi Mix,400,400.0,4.0,kurtas,1,400.0
12524816,HERE&NOW,1199,1199.0,4.1,kurtas,1,1199.0
12531668,INDYA,2900,2900.0,4.4,kurtas,1,2900.0
12418812,Indo Era,1599,1599.0,3.7,kurtas,1,1599.0
19688180,KALINI,1499,1499.0,4.1,kurtas,1,1499.0
19027402,Jompers,3499,874.0,4.5,kurta-sets,1,874.0
18925432,Indo Era,5399,1403.0,4.7,kurta-sets,1,1403.0
18997222,IRIDAA JAIPUR,3999,1319.0,2.3,kurta-sets,1,1319.0
19027362,Jompers,2499,1124.0,3.8,kurta-sets,1,1124.0
18946592,Indian Virasat,2999,839.0,4.3,kurta-sets,1,839.0
19027352,Jompers,2199,747.0,4.2,kurta-sets,1,747.0
17754514,Indo Era,6799,1699.0,4.1,kurta-sets,1,1699.0
13781254,Sangria,2199,2199.0,3.8,kurta-sets,1,2199.0
13771276,Nayo,3999,3999.0,3.9,kurta-sets,1,3999.0
17754686,ADIVA,2999,2999.0,3.8,kurta-sets,1,2999.0
19027424,Jompers,2199,747.0,4.1,kurta-sets,1,747.0
19027432,Jompers,2999,1109.0,4.4,kurta-sets,1,1109.0
15189724,VASTRAMAY,1799,737.0,4.2,kurta-sets,1,737.0
19027420,Jompers,3499,874.0,4.0,kurta-sets,1,874.0
14325388,Anouk,2899,2899.0,4.1,kurta-sets,1,2899.0
17090208,Anouk,3399,3399.0,4.3,kurta-sets,1,3399.0
13446422,Biba,4995,2997.0,4.4,kurta-sets,1,2997.0
22198236,MALHAAR,2299,689.0,3.7,kurtis,1,689.0
2184914,SUGAR,499,434.0,4.3,lipstick,1,434.0
16873660,Peter England,1049,1049.0,3.9,lounge-pants,1,1049.0
18273822,Dreamz by Pantaloons,499,489.0,4.5,lounge-shorts,1,489.0
13478370,Jack & Jones,1199,1199.0,3.7,lounge-tshirts,1,1199.0
22492614,U.S. Polo Assn.,699,664.0,4.2,lounge-tshirts,1,664.0
13428018,ETC,799,559.0,4.3,lounge-tshirts,1,559.0
19235554,ANNA CREATIONS,899,899.0,3.8,mangalsutra,1,899.0
15898082,Bailey sells,1450,696.0,4.6,nightdress,1,696.0
22721938,Sweet Dreams,999,999.0,4.8,nightdress,1,999.0
17832728,Dreamz by Pantaloons,699,699.0,4.9,nightdress,1,699.0
20441812,Kanvin,2499,2499.0,3.6,nightdress,1,2499.0
17288308,KID1,1499,1499.0,4.0,night-suits,1,1499.0
18209958,Sweet Dreams,2099,2099.0,4.1,night-suits,1,2099.0
15973760,Zoom Minimondo,1299,402.0,4.8,night-suits,1,402.0
16512022,MASQ,447,223.0,4.5,outdoor-masks,1,223.0
17359602,Swiss Design,1500,225.0,3.0,outdoor-masks,1,225.0
15749326,W,1499,740.0,3.6,palazzos,1,740.0
17309754,Clora Creation,899,494.0,3.9,palazzos,1,494.0
17361920,Indo Era,1799,557.0,4.2,palazzos,1,557.0
17307424,Clora Creation,2399,983.0,4.0,palazzos,1,983.0
17321108,TAG 7,1579,552.0,3.6,palazzos,1,552.0
17288460,Cutiekins,1099,450.0,4.2,palazzos,1,450.0
17309774,Clora Creation,1999,799.0,3.8,palazzos,1,799.0
15114984,Go Colors,899,899.0,4.0,palazzos,1,899.0
15782402,BEARDO,2700,864.0,4.4,perfume-and-body-mist,1,864.0
15715190,Salona Bichona,499,249.0,3.7,pillow-covers,1,249.0
15720606,Rubans,1890,415.0,3.5,ring,1,415.0
15294314,Zaveri Pearls,1995,359.0,4.4,ring,1,359.0
16254760,Zaveri Pearls,2250,2250.0,4.2,ring,1,2250.0
10018911,SEJ by Nisha Gupta,1849,554.0,4.5,runners,1,554.0
15679734,John Karsun,3649,693.0,2.7,sandals,1,693.0
10044165,Coolers,799,799.0,4.2,sandals,1,799.0
17696210,Yellow Bee,499,424.0,4.0,sandals,1,424.0
12932560,Eego Italy,2999,989.0,3.5,sandals,1,989.0
19183770,Crocs,3295,2636.0,4.1,sandals,1,2636.0
18949542,Red Chief,3099,1549.0,4.3,sandals,1,1549.0
15725544,SALWAR STUDIO,3555,1813.0,4.1,saree-blouse,1,1813.0
14654046,SALWAR STUDIO,4995,2197.0,4.4,saree-blouse,1,2197.0
19698082,Mitera,2599,2599.0,3.5,sarees,1,2599.0
17314272,Saree mall,4799,4799.0,3.4,sarees,1,4799.0
21425266,Satrani,4699,4699.0,3.6,sarees,1,4699.0
18462146,KALINI,1599,1599.0,3.4,sarees,1,1599.0
18465340,Silk Land,4125,4125.0,4.1,sarees,1,4125.0
17292364,Mitera,4199,1007.0,4.0,sarees,1,1007.0
17292330,Mitera,4599,1103.0,3.8,sarees,1,1103.0
16287654,Saree mall,4099,1024.0,4.1,sarees,1,1024.0
16287830,Saree mall,4099,983.0,4.2,sarees,1,983.0
16287764,Saree mall,4799,1343.0,4.1,sarees,1,1343.0
14975360,KALINI,2396,599.0,3.9,sarees,1,599.0
19823504,VAIRAGEE,9995,1699.0,4.2,sarees,1,1699.0
16293500,BELLEZIYA,1249,437.0,4.3,scarves,1,437.0
16293432,BELLEZIYA,1499,524.0,4.7,scarves,1,524.0
14487194,Lotus Botanicals,495,247.0,4.0,shampoo-and-conditioner,1,247.0
14472340,Earth Rhythm,379,284.0,4.1,shampoo-and-conditioner,1,284.0
16779444,FIXDERMA COSMETIC LABORATORIES,1250,1250.0,4.8,shampoo-and-conditioner,1,1250.0
15880308,Sirona,294,285.0,4.9,shaving-essentials,1,285.0
17332192,KISAH,13099,4977.0,4.3,sherwani,1,4977.0
17332220,KISAH,16199,6317.0,3.8,sherwani,1,6317.0
18719236,SPYKAR,2999,1499.0,2.9,shirts,1,1499.0
18960048,The Indian Garage Co,1749,507.0,4.2,shirts,1,507.0
18960188,The Indian Garage Co,1749,454.0,4.4,shirts,1,454.0
18960016,The Indian Garage Co,1749,454.0,4.0,shirts,1,454.0
18996778,U.S. Polo Assn.,2599,1559.0,4.2,shirts,1,1559.0
18996772,U.S. Polo Assn.,2799,1399.0,4.9,shirts,1,1399.0
18960086,The Indian Garage Co,1749,454.0,4.5,shirts,1,454.0
18960098,The Indian Garage Co,1749,419.0,3.8,shirts,1,419.0
18971858,Sztori,2699,701.0,4.0,shirts,1,701.0
17304036,SPYKAR,2199,2199.0,4.0,shirts,1,2199.0
17377642,Roadster,1499,1499.0,4.0,shirts,1,1499.0
18463946,Lee,2399,2399.0,4.5,shirts,1,2399.0
13621622,U.S. Polo Assn.,2399,2399.0,4.4,shirts,1,2399.0
13480184,Flying Machine,1699,1699.0,3.7,shirts,1,1699.0
17719808,Louis Philippe Jeans,2199,2199.0,4.5,shirts,1,2199.0
18759238,HERE&NOW,1399,741.0,4.3,shirts,1,741.0
20394602,Cantabil,1999,1999.0,4.4,shirts,1,1999.0
13672974,WROGN,2599,2599.0,4.1,shirts,1,2599.0
13694492,Ecentric,2499,1624.0,4.5,shirts,1,1624.0
21388884,French Connection,2199,2199.0,4.3,shirts,1,2199.0
13681812,Ecentric,2499,1624.0,4.0,shirts,1,1624.0
21396820,Jack & Jones,3499,3499.0,4.4,shirts,1,3499.0
16042682,Nautica,3599,1799.0,4.2,shirts,1,1799.0
14519404,The Indian Garage Co,1749,489.0,3.9,shirts,1,489.0
18996754,U.S. Polo Assn.,2599,1299.0,4.1,shirts,1,1299.0
18927466,U.S. Polo Assn.,2299,1149.0,4.0,shirts,1,1149.0
17296250,CAVIO,1290,864.0,4.3,shirts,1,864.0
17280264,HIGHLANDER,1199,491.0,4.2,shirts,1,491.0
17355950,Mast & Harbour,1999,519.0,4.0,shirts,1,519.0
17313694,JAINISH,1999,579.0,3.0,shirts,1,579.0
17356740,Mast & Harbour,1899,512.0,3.9,shirts,1,512.0
17363588,JAINISH,1499,449.0,3.8,shirts,1,449.0
17307612,Louis Philippe Jeans,2199,1539.0,4.3,shirts,1,1539.0
17345842,JC Collection,3499,1924.0,4.1,shirts,1,1924.0
17322090,JAINISH,1399,545.0,3.3,shirts,1,545.0
17354282,JAINISH,999,549.0,4.0,shirts,1,549.0
17278954,KETCH,1249,474.0,4.0,shirts,1,474.0
17289046,Roadster,1699,730.0,3.7,shirts,1,730.0
17327438,Dream of Glory Inc,4398,1847.0,2.8,shirts,1,1847.0
17300314,John Pride,1899,854.0,3.8,shirts,1,854.0
17307656,SIMON CARTER LONDON,2799,1119.0,4.6,shirts,1,1119.0
17313630,JAINISH,1999,579.0,4.1,shirts,1,579.0
17342230,Pepe Jeans,1599,671.0,4.3,shirts,1,671.0
17331296,Fabindia,1699,1699.0,4.4,shirts,1,1699.0
17345374,Pepe Jeans,2499,999.0,4.0,shirts,1,999.0
17355884,Mast & Harbour,1999,699.0,4.1,shirts,1,699.0
17322122,JAINISH,1599,479.0,4.0,shirts,1,479.0
17293106,DressBerry,1599,591.0,4.2,shirts,1,591.0
17342236,Pepe Jeans,1599,671.0,4.4,shirts,1,671.0
17322136,JAINISH,1399,545.0,4.0,shirts,1,545.0
17375000,ColorPlus,2399,1151.0,4.5,shirts,1,1151.0
17355886,Mast & Harbour,1999,499.0,3.8,shirts,1,499.0
18045128,Gini and Jony,1149,540.0,3.5,shirts,1,540.0
17289100,Roadster,1899,854.0,4.3,shirts,1,854.0
17313676,JAINISH,1499,584.0,4.0,shirts,1,584.0
17302022,Pantaloons Junior,799,687.0,4.4,shirts,1,687.0
17313952,KETCH,999,369.0,3.9,shirts,1,369.0
17352294,Mast & Harbour,2099,776.0,4.0,shirts,1,776.0
22326558,Dennis Lingo,2499,599.0,3.3,shirts,1,599.0
18960146,The Indian Garage Co,1749,454.0,4.0,shirts,1,454.0
18970712,Tommy Hilfiger,3299,1979.0,4.5,shirts,1,1979.0
18960126,The Indian Garage Co,1749,454.0,4.1,shirts,1,454.0
18960118,The Indian Garage Co,1749,507.0,3.9,shirts,1,507.0
18970848,Tommy Hilfiger,2799,1679.0,4.6,shirts,1,1679.0
18969276,Ruhaans,1399,643.0,4.1,shirts,1,643.0
18946970,YOVISH,3499,3499.0,3.8,shirts,1,3499.0
18959846,bigbanana,2399,911.0,3.5,shirts,1,911.0
13692666,M&H Our Water,1899,1899.0,3.7,shirts,1,1899.0
13692652,M&H Our Water,2499,2499.0,4.2,shirts,1,2499.0
13768790,Nautica,3299,3299.0,4.3,shirts,1,3299.0
13453254,DENNISON,2199,2199.0,4.6,shirts,1,2199.0
18450788,Nautica,4299,4299.0,4.3,shirts,1,4299.0
18690268,Dennis Lingo,1999,1999.0,4.6,shirts,1,1999.0
13770578,Nautica,2799,2799.0,4.4,shirts,1,2799.0
13675502,Flying Machine,1799,1799.0,4.1,shirts,1,1799.0
18734674,Flying Machine,999,999.0,3.9,shirts,1,999.0
13775106,RARE RABBIT,3299,3299.0,4.4,shirts,1,3299.0
13470886,Roadster,1399,1399.0,4.1,shirts,1,1399.0
13722850,Roadster,1999,999.0,4.4,shirts,1,999.0
13675482,Flying Machine,1799,1799.0,3.8,shirts,1,1799.0
18443082,Marks & Spencer,1999,1699.0,4.3,shirts,1,1699.0
20042586,Flying Machine,1799,1799.0,4.4,shirts,1,1799.0
20308616,Arrow,2499,2499.0,4.0,shirts,1,2499.0
20009218,Peter England,2299,2299.0,3.9,shirts,1,2299.0
20308496,Arrow,2499,2499.0,4.3,shirts,1,2499.0
20042696,Flying Machine,1999,1999.0,3.9,shirts,1,1999.0
20308670,Arrow,2399,1199.0,4.7,shirts,1,1199.0
19999300,Dennis Lingo,2499,2499.0,4.4,shirts,1,2499.0
19822716,Oxolloxo,1849,1849.0,2.8,shirts,1,1849.0
20308620,Arrow,2499,2499.0,4.0,shirts,1,2499.0
18960194,The Indian Garage Co,1749,349.0,3.9,shirts,1,349.0
19276504,Turtle,1399,839.0,4.7,shirts,1,839.0
19299798,Louis Philippe,2799,2519.0,4.4,shirts,1,2519.0
18903374,Levis,2599,2079.0,4.6,shirts,1,2079.0
18947596,KASSUALLY,1799,593.0,4.7,shorts,1,593.0
18946864,Cub McPaws,1499,699.0,4.5,shorts,1,699.0
18921438,Gini and Jony,1599,959.0,4.6,shorts,1,959.0
13624708,Nike,1795,1795.0,4.4,shorts,1,1795.0
18645102,DChica,599,599.0,4.3,shorts,1,599.0
13695234,HRX by Hrithik Roshan,1499,1049.0,4.4,shorts,1,1049.0
13610026,HRX by Hrithik Roshan,1899,1139.0,4.2,shorts,1,1139.0
14561272,ASICS,2299,1149.0,5.0,shorts,1,1149.0
14494548,CUTECUMBER,650,650.0,4.3,shorts,1,650.0
14496210,CUTECUMBER,650,650.0,4.6,shorts,1,650.0
18942852,FITINC,999,449.0,4.4,shorts,1,449.0
18650484,CLUB A9,699,321.0,4.5,shorts,1,321.0
19024468,Blackberrys,1695,1017.0,4.1,shorts,1,1017.0
17333612,UNDER ARMOUR,2499,1874.0,3.6,shorts,1,1874.0
17332648,Tommy Hilfiger,2999,1499.0,4.7,shorts,1,1499.0
15177608,HRX by Hrithik Roshan,1399,979.0,4.5,shorts,1,979.0
18947600,KASSUALLY,1899,645.0,4.7,shorts,1,645.0
18658050,Allen Solly,1799,1079.0,4.6,shorts,1,1079.0
13572038,Shae by SASSAFRAS,1999,799.0,4.3,skirts,1,799.0
17367638,Berrylush,1199,983.0,4.3,skirts,1,983.0
17306258,Purple Feather,1499,434.0,4.2,skirts,1,434.0
17332132,Mayra,1895,568.0,3.8,skirts,1,568.0
17367634,Berrylush,1399,363.0,4.3,skirts,1,363.0
17745816,Lancer,1999,1999.0,4.0,sports-shoes,1,1999.0
17631178,Slazenger,3599,3599.0,3.7,sports-shoes,1,3599.0
13686682,Campus,799,751.0,4.1,sports-shoes,1,751.0
14480064,AfroJack,3995,799.0,3.1,sports-shoes,1,799.0
10667394,Campus,1499,944.0,4.1,sports-shoes,1,944.0
20071104,ADIDAS,4299,2794.0,4.5,sports-shoes,1,2794.0
20072084,ADIDAS,5999,3599.0,4.1,sports-shoes,1,3599.0
20071622,ADIDAS,11999,7199.0,3.2,sports-shoes,1,7199.0
20071558,ADIDAS,3599,2339.0,4.1,sports-shoes,1,2339.0
20071402,ADIDAS,4599,4599.0,4.5,sports-shoes,1,4599.0
20070948,ADIDAS,5999,5999.0,4.1,sports-shoes,1,5999.0
20070966,ADIDAS,4799,2879.0,4.2,sports-shoes,1,2879.0
20075460,UCLA,4199,1091.0,3.7,sports-shoes,1,1091.0
20071236,ADIDAS,5299,5299.0,4.3,sports-shoes,1,5299.0
22054912,UNDER ARMOUR,13499,13499.0,3.9,sports-shoes,1,13499.0
14208408,TRASE,999,999.0,4.2,sports-shoes,1,999.0
11441718,Duke,2695,2695.0,4.2,sports-shoes,1,2695.0
19324484,ELEVAR,6490,6490.0,3.7,sports-shoes,1,6490.0
11627996,Yuuki,2999,2999.0,4.2,sports-shoes,1,2999.0
11963938,FAUSTO,899,899.0,3.9,sports-shoes,1,899.0
19334944,ELEVAR,5490,5490.0,3.2,sports-shoes,1,5490.0
11986876,FAUSTO,899,899.0,4.3,sports-shoes,1,899.0
19334760,ELEVAR,5490,5490.0,3.0,sports-shoes,1,5490.0
19334942,ELEVAR,5490,5490.0,4.3,sports-shoes,1,5490.0
13484354,Puma,12999,12999.0,4.3,sports-shoes,1,12999.0
11960808,Campus,1499,659.0,4.2,sports-shoes,1,659.0
19102564,Puma,11999,11999.0,4.3,sports-shoes,1,11999.0
11400234,Yuuki,2499,2499.0,3.9,sports-shoes,1,2499.0
14323336,TRASE,1299,1299.0,3.9,sports-shoes,1,1299.0
19402102,U.S. Polo Assn.,4999,4999.0,4.0,sports-shoes,1,4999.0
14208394,TRASE,999,999.0,4.5,sports-shoes,1,999.0
16880520,PUMA Hoops,8999,4049.0,4.1,sports-shoes,1,4049.0
18356356,Nautica,5499,2199.0,4.4,sports-shoes,1,2199.0
18906230,Skechers,7499,4499.0,4.5,sports-shoes,1,4499.0
18373464,ADIDAS,3599,3599.0,4.1,sports-shoes,1,3599.0
16824638,Puma,9999,4999.0,4.3,sports-shoes,1,4999.0
18374802,ADIDAS,12999,12999.0,4.5,sports-shoes,1,12999.0
16824670,Puma,9999,5499.0,4.1,sports-shoes,1,5499.0
18374200,ADIDAS,16999,10199.0,3.9,sports-shoes,1,10199.0
18374286,ADIDAS,5999,3599.0,4.2,sports-shoes,1,3599.0
18382842,WROGN ACTIVE,3599,1439.0,3.7,sports-shoes,1,1439.0
18373646,ADIDAS,3799,2469.0,4.3,sports-shoes,1,2469.0
18373380,ADIDAS,4799,3119.0,4.2,sports-shoes,1,3119.0
16864474,Puma,6999,5599.0,5.0,sports-shoes,1,5599.0
18374978,ADIDAS,4999,3249.0,4.4,sports-shoes,1,3249.0
18906226,Skechers,6499,3899.0,4.4,sports-shoes,1,3899.0
18374614,ADIDAS,18999,14249.0,4.3,sports-shoes,1,14249.0
16305908,Campus,1399,1259.0,4.3,sports-shoes,1,1259.0
16279696,Forever Glam by Pantaloons,1699,1053.0,4.3,sports-shoes,1,1053.0
13072098,Puma,4499,2474.0,4.7,sports-shoes,1,2474.0
19298764,Campus,1299,909.0,4.6,sports-shoes,1,909.0
17609480,IDEE,3480,3480.0,2.2,sunglasses,1,3480.0
18430170,Roadster,1499,1499.0,4.3,sweaters,1,1499.0
10349091,Monte Carlo,2840,1420.0,4.6,sweaters,1,1420.0
20033282,RVK,999,799.0,3.7,sweaters,1,799.0
10135715,Mast & Harbour,1599,511.0,4.0,sweaters,1,511.0
21296678,Marks & Spencer,3999,3399.0,4.6,sweaters,1,3399.0
20721298,Juniors by Lifestyle,599,599.0,4.7,sweaters,1,599.0
19432310,Marks & Spencer,3999,3999.0,4.2,sweaters,1,3999.0
11843058,MANGO,2590,2590.0,4.3,sweaters,1,2590.0
14279418,Harvard,1799,1799.0,3.9,sweaters,1,1799.0
14335774,INVICTUS,1699,1699.0,3.6,sweaters,1,1699.0
20712132,Trendyol,3599,3599.0,4.4,sweaters,1,3599.0
11990920,Roadster,1699,1699.0,4.3,sweaters,1,1699.0
19055422,Monte Carlo,2080,2080.0,4.2,sweaters,1,2080.0
14280312,Harvard,1999,1999.0,3.9,sweaters,1,1999.0
19432716,Marks & Spencer,2999,2999.0,3.9,sweaters,1,2999.0
14335776,INVICTUS,2199,2199.0,4.0,sweaters,1,2199.0
11990978,Roadster,1999,1999.0,4.4,sweaters,1,1999.0
11972948,Mast & Harbour,1599,1599.0,4.1,sweaters,1,1599.0
11990952,Roadster,1699,1699.0,4.3,sweaters,1,1699.0
14280306,Harvard,2399,2399.0,3.7,sweaters,1,2399.0
14280286,Harvard,1999,1999.0,3.3,sweaters,1,1999.0
14279412,Harvard,1899,1899.0,4.2,sweaters,1,1899.0
18241626,Roadster,1699,645.0,4.5,sweaters,1,645.0
18241400,Roadster,2699,944.0,3.8,sweaters,1,944.0
18241644,Roadster,1999,759.0,4.3,sweaters,1,759.0
18240570,all about you,2499,874.0,4.3,sweaters,1,874.0
18240582,all about you,2499,874.0,4.4,sweaters,1,874.0
18337610,Roadster,2299,758.0,4.3,sweaters,1,758.0
18240902,Mr Bowerbird,3299,1187.0,4.0,sweaters,1,1187.0
18260060,Mast & Harbour,2099,818.0,3.7,sweaters,1,818.0
18241294,Roadster,1699,628.0,4.3,sweaters,1,628.0
18180102,INVICTUS,1698,1103.0,4.0,sweaters,1,1103.0
18241298,Roadster,1999,699.0,4.3,sweaters,1,699.0
18260104,Mast & Harbour,2399,815.0,4.5,sweaters,1,815.0
18820948,Tommy Hilfiger,5599,5599.0,4.3,sweatshirts,1,5599.0
18929536,Mast & Harbour,1999,1999.0,3.6,sweatshirts,1,1999.0
17156676,Thomas Scott,4799,4799.0,3.6,sweatshirts,1,4799.0
18825046,Tommy Hilfiger,4599,4599.0,4.2,sweatshirts,1,4599.0
17157846,Thomas Scott,3999,3999.0,3.5,sweatshirts,1,3999.0
18825174,Tommy Hilfiger,5599,3359.0,3.2,sweatshirts,1,3359.0
18929548,Mast & Harbour,1599,1599.0,4.4,sweatshirts,1,1599.0
9867517,ether,1299,1299.0,4.1,sweatshirts,1,1299.0
6510138,Roadster,1999,1999.0,4.3,sweatshirts,1,1999.0
18071360,ether,1399,1399.0,4.2,sweatshirts,1,1399.0
18825178,Tommy Hilfiger,4999,4999.0,4.3,sweatshirts,1,4999.0
18830500,White Snow,1599,1599.0,4.2,sweatshirts,1,1599.0
9656079,Sztori,2499,2499.0,4.2,sweatshirts,1,2499.0
20389784,SPYKAR,2999,2999.0,4.6,sweatshirts,1,2999.0
18820780,Tommy Hilfiger,4999,4999.0,4.0,sweatshirts,1,4999.0
18820580,Tommy Hilfiger,5599,5599.0,4.2,sweatshirts,1,5599.0
20389690,max,699,699.0,4.0,sweatshirts,1,699.0
10388101,Allen Solly Woman,1799,899.0,4.5,sweatshirts,1,899.0
18723286,Allen Solly Junior,1699,849.0,3.7,sweatshirts,1,849.0
17121312,Marks & Spencer,2499,2249.0,4.5,swim-tops,1,2249.0
17844560,DREAM WEAVERZ,999,999.0,4.1,table-covers,1,999.0
1605539,Kanvin,799,615.0,4.0,thermal-bottoms,1,615.0
17634528,Sweet Dreams,749,606.0,3.5,tights,1,606.0
18937628,her by invictus,1398,475.0,4.2,tops,1,475.0
18990292,HILL STREET,1699,594.0,4.5,tops,1,594.0
18972748,Zink London,1499,524.0,4.3,tops,1,524.0
18904492,Levis,2099,1133.0,4.4,tops,1,1133.0
13583566,Chemistry,1499,1499.0,4.5,tops,1,1499.0
18551958,SHECZZAR,799,799.0,3.8,tops,1,799.0
13466462,Global Desi,1599,1599.0,3.4,tops,1,1599.0
13611204,Roadster,1889,1889.0,4.2,tops,1,1889.0
18657642,max,399,399.0,4.5,tops,1,399.0
13611420,Roadster,1499,1499.0,3.8,tops,1,1499.0
13573344,Roadster,699,699.0,4.0,tops,1,699.0
13616586,MAGRE,1590,1590.0,3.9,tops,1,1590.0
20222156,CODE by Lifestyle,799,799.0,4.1,tops,1,799.0
20405594,AAHWAN,999,999.0,3.2,tops,1,999.0
20222142,CODE by Lifestyle,499,499.0,4.5,tops,1,499.0
20092320,Forever New,3200,3200.0,4.4,tops,1,3200.0
20222144,CODE by Lifestyle,1599,1599.0,4.0,tops,1,1599.0
14538300,Friskers,499,379.0,4.0,tops,1,379.0
22151840,FabAlley,1800,1800.0,3.6,tops,1,1800.0
18601474,BUY NEW TREND,1399,1399.0,3.0,tops,1,1399.0
18478530,Paralians,999,999.0,3.7,tops,1,999.0
18639246,Jockey,329,329.0,4.5,tops,1,329.0
18389746,Ginger by Lifestyle,499,499.0,3.9,tops,1,499.0
17763368,Honey by Pantaloons,1299,1299.0,4.0,tops,1,1299.0
17628058,Maishi,1599,1599.0,4.6,tops,1,1599.0
17628394,ONLY,2499,2499.0,4.2,tops,1,2499.0
4441374,Mayra,1095,328.0,3.5,tops,1,328.0
17178948,FOREVER 21,1049,524.0,4.4,tops,1,524.0
17132266,Athena,1499,539.0,3.7,tops,1,539.0
19017874,DressBerry,1099,384.0,3.3,tops,1,384.0
17108782,DressBerry,1299,454.0,3.6,tops,1,454.0
17108574,4WRD by Dressberry,1199,431.0,4.2,tops,1,431.0
17253026,Athena,1699,509.0,3.9,tops,1,509.0
22649882,IUGA,1299,558.0,3.0,tops,1,558.0
2511559,Disney by Wear Your Mind,1998,1998.0,3.5,tops,1,1998.0
18879656,MANGO,1990,1990.0,4.3,tops,1,1990.0
18626976,ONLY,2299,2299.0,4.2,tops,1,2299.0
19018090,DressBerry,799,799.0,4.1,tops,1,799.0
18972770,Zink London,1299,454.0,3.3,tops,1,454.0
17121092,Marks & Spencer,2999,2999.0,4.0,tops,1,2999.0
19018146,DressBerry,899,899.0,4.0,tops,1,899.0
17268524,H&M,699,699.0,4.4,tops,1,699.0
18854764,KAMI KUBI,1299,1299.0,5.0,tops,1,1299.0
18904472,Levis,2299,1839.0,4.4,tops,1,1839.0
17124636,H&M,799,799.0,3.7,tops,1,799.0
17255462,NEUDIS,1499,1499.0,4.3,tops,1,1499.0
17120826,Hancock,1999,1999.0,4.1,tops,1,1999.0
18998684,KALINI,1999,1999.0,3.3,tops,1,1999.0
18814970,Berrylush,1299,1299.0,4.6,tops,1,1299.0
18980478,DEBONATELLA,600,600.0,3.0,tops,1,600.0
17270406,Mafadeny,1649,1649.0,3.3,tops,1,1649.0
18900376,DressBerry,699,699.0,3.7,tops,1,699.0
17257582,FableStreet,1795,1795.0,4.2,tops,1,1795.0
17255498,NEUDIS,1499,1499.0,4.1,tops,1,1499.0
22747068,Madame,1399,1399.0,4.0,tops,1,1399.0
19017944,DressBerry,799,799.0,4.1,tops,1,799.0
17114132,HERE&NOW,999,999.0,4.1,tops,1,999.0
18948348,Madame,1899,1899.0,4.2,tops,1,1899.0
17255876,Cutiekins,1099,1099.0,3.3,tops,1,1099.0
4380622,Bhama Couture,1799,1799.0,2.9,tops,1,1799.0
17944580,ONLY,2299,2299.0,4.2,tops,1,2299.0
8330413,ESPRIT,2799,2799.0,3.3,tops,1,2799.0
7206166,Mayra,895,895.0,2.4,tops,1,895.0
9540499,Marie Claire,1499,1499.0,3.3,tops,1,1499.0
18944780,Miaz Lifestyle,1499,629.0,2.7,tops,1,629.0
20383782,Chemistry,1299,1299.0,4.5,tops,1,1299.0
17889776,CHIMPAAANZEE,699,699.0,3.9,tops,1,699.0
9100721,Globus,1199,1199.0,3.6,tops,1,1199.0
18001072,Harpa,1299,1299.0,3.9,tops,1,1299.0
17938374,CODE by Lifestyle,999,999.0,4.4,tops,1,999.0
8675767,MANGO,3490,3490.0,4.2,tops,1,3490.0
17973634,InWeave,2199,2199.0,4.4,tops,1,2199.0
7117598,ONLY,1499,1499.0,4.2,tops,1,1499.0
17950198,PURVAJA,2199,2199.0,3.4,tops,1,2199.0
18847712,KALINI,1975,1975.0,4.4,tops,1,1975.0
8365569,Nun,1495,1495.0,4.9,tops,1,1495.0
7581747,Annabelle by Pantaloons,899,899.0,4.3,tops,1,899.0
9818669,Globus,999,999.0,4.3,tops,1,999.0
8367605,Berrylush,1290,1290.0,4.3,tops,1,1290.0
7183090,Globus,1299,1299.0,4.2,tops,1,1299.0
9557519,MANGO,2490,2490.0,5.0,tops,1,2490.0
9327149,Belle Fille,999,999.0,3.8,tops,1,999.0
17976710,MANGO,3590,3590.0,4.1,tops,1,3590.0
18780000,Popwings,1999,619.0,3.7,tops,1,619.0
7033949,ONLY,2299,2299.0,3.9,tops,1,2299.0
7461410,Crimsoune Club,1299,1299.0,3.6,tops,1,1299.0
8807033,Flying Machine,799,799.0,3.7,tops,1,799.0
17950208,PURVAJA,2199,2199.0,3.5,tops,1,2199.0
14340794,MANGO,2390,2390.0,4.1,tops,1,2390.0
19410570,H&M,1499,1499.0,4.3,tops,1,1499.0
11811068,Honey by Pantaloons,999,999.0,4.4,tops,1,999.0
7829467,Oxolloxo,1399,1399.0,4.0,tops,1,1399.0
17982570,H&M,999,999.0,4.5,tops,1,999.0
8675465,MANGO,2990,2990.0,3.3,tops,1,2990.0
17950338,PURVAJA,2199,2199.0,4.2,tops,1,2199.0
11876926,AND,1999,1999.0,4.4,tops,1,1999.0
11764192,Oxolloxo,1299,1299.0,3.4,tops,1,1299.0
11538822,Ajile by Pantaloons,599,599.0,4.2,tops,1,599.0
11878498,DODO & MOA,1290,1290.0,3.9,tops,1,1290.0
7326508,MISH,1499,1499.0,4.7,tops,1,1499.0
586846,Cation,899,899.0,4.5,tops,1,899.0
18000968,Harpa,1049,1049.0,4.4,tops,1,1049.0
18937522,her by invictus,1298,454.0,3.9,tops,1,454.0
18962100,Nike,2495,2495.0,4.4,tops,1,2495.0
13748756,Madame,1599,479.0,3.6,tops,1,479.0
22568668,V-Mart,449,449.0,3.7,tops,1,449.0
18974594,SPACES,3799,1139.0,4.3,towel-set,1,1139.0
18974634,AUSTIVO,1899,759.0,4.5,track-pants,1,759.0
18970176,Allen Solly Junior,1599,1039.0,4.6,track-pants,1,1039.0
18138806,max,599,599.0,4.6,track-pants,1,599.0
18670518,max,599,599.0,4.9,track-pants,1,599.0
17628782,Roadster,1999,1999.0,4.1,track-pants,1,1999.0
17628712,Roadster,1799,1799.0,4.3,track-pants,1,1799.0
18537496,Bannos Swagger,1699,1699.0,5.0,track-pants,1,1699.0
18970196,Allen Solly Junior,1499,749.0,4.3,track-pants,1,749.0
18970104,Allen Solly Junior,1499,749.0,4.8,track-pants,1,749.0
18688608,Nasher Miles,17995,17995.0,3.3,trolley-bag,1,17995.0
17663904,Pantaloons Junior,849,849.0,4.6,trousers,1,849.0
17760062,H&M,1499,1499.0,4.2,trousers,1,1499.0
17647372,bebe,2899,2899.0,4.2,trousers,1,2899.0
17760038,H&M,1299,1299.0,4.3,trousers,1,1299.0
22323008,Dennis Lingo,3099,557.0,3.8,trousers,1,557.0
19289426,Van Heusen Woman,2499,1224.0,4.1,trousers,1,1224.0
10704378,Force NXT,777,582.0,3.2,trunk,1,582.0
1993251,FCUK,699,349.0,3.9,trunk,1,349.0
10019547,XYXX,1197,1029.0,4.7,trunk,1,1029.0
10591036,Van Heusen,529,529.0,4.5,trunk,1,529.0
20042464,XYXX,339,257.0,4.2,trunk,1,257.0
12939888,IC4,718,625.0,3.5,trunk,1,625.0
17352320,ether,1099,1099.0,4.4,tshirts,1,1099.0
17403950,Mast & Harbour,899,899.0,4.2,tshirts,1,899.0
17404018,Mast & Harbour,999,999.0,3.9,tshirts,1,999.0
22143924,Urbano Plus,1099,1099.0,3.2,tshirts,1,1099.0
8901821,UNDER ARMOUR,1999,1999.0,4.3,tshirts,1,1999.0
919032,Roadster,899,899.0,3.8,tshirts,1,899.0
18817326,Tommy Hilfiger,2799,2799.0,4.4,tshirts,1,2799.0
8426447,WROGN,1599,1599.0,4.2,tshirts,1,1599.0
20355284,Roadster,999,999.0,4.2,tshirts,1,999.0
18818696,Tommy Hilfiger,1999,1999.0,4.4,tshirts,1,1999.0
9213113,Roadster,799,799.0,4.1,tshirts,1,799.0
13511732,Puma,3999,3999.0,4.4,tshirts,1,3999.0
13591994,Camey,999,999.0,3.5,tshirts,1,999.0
21439050,Kappa,599,599.0,3.2,tshirts,1,599.0
13615634,U.S. Polo Assn.,1699,1699.0,4.5,tshirts,1,1699.0
13620624,Roadster,1399,1399.0,4.0,tshirts,1,1399.0
13502414,Puma,1499,1499.0,4.3,tshirts,1,1499.0
13621134,Roadster,1399,1399.0,4.1,tshirts,1,1399.0
17686030,Allen Solly Tribe,1499,1499.0,4.3,tshirts,1,1499.0
13616400,Arrow New York,899,674.0,4.8,tshirts,1,674.0
13480864,Aeropostale,1199,1199.0,4.2,tshirts,1,1199.0
13622338,Roadster,899,404.0,4.4,tshirts,1,404.0
16295686,Miss & Chief,1995,578.0,3.9,tshirts,1,578.0
16277914,Parx,1399,699.0,4.9,tshirts,1,699.0
16292318,Bewakoof,1399,549.0,4.2,tshirts,1,549.0
19201678,Tokyo Talkies,699,293.0,4.1,tshirts,1,293.0
16923916,Monte Carlo,835,835.0,4.8,tshirts,1,835.0
10143909,CHKOKKO,1665,499.0,3.7,tshirts,1,499.0
20085320,BULLMER,3998,799.0,4.8,tshirts,1,799.0
12987894,AMERICAN EAGLE OUTFITTERS,1799,359.0,4.4,tshirts,1,359.0
12953958,Allen Solly,999,599.0,4.4,tshirts,1,599.0
22629260,max,799,479.0,4.4,tshirts,1,479.0
19291812,Mad Over Print,1599,671.0,4.8,tshirts,1,671.0
19206288,FERANOID,1199,599.0,4.2,tshirts,1,599.0
19264534,Flying Machine,999,389.0,4.0,tshirts,1,389.0
19264536,Flying Machine,1299,506.0,3.8,tshirts,1,506.0
16287616,Juniper,1299,636.0,4.3,tunics,1,636.0
16287462,Juniper,1299,740.0,4.3,tunics,1,740.0
16293014,Nayo,1199,683.0,4.2,tunics,1,683.0
16293018,Nayo,1199,683.0,4.3,tunics,1,683.0
13721540,Art Street,3500,560.0,3.9,wall-art,1,560.0
17716590,Tommy Hilfiger,4299,4299.0,4.5,wallets,1,4299.0
9452773,Louis Philippe,1799,1799.0,4.3,wallets,1,1799.0
18864968,Lavie,1999,1999.0,4.4,wallets,1,1999.0
9029979,Hidesign,2595,2595.0,4.4,wallets,1,2595.0
16295388,LOUIS STITCH,4200,1050.0,4.4,wallets,1,1050.0
17956822,Fossil,9995,4997.0,3.9,watches,1,4997.0
17981742,MVMT,20832,10416.0,4.5,watches,1,10416.0
17697474,Timex,1995,1596.0,4.9,watches,1,1596.0
7349545,Fantasy World,499,499.0,3.7,watches,1,499.0
8076639,French Connection,6250,6250.0,4.4,watches,1,6250.0
21948792,Adwitiya Collection,9709,9709.0,4.1,watches,1,9709.0
9053317,TIMESMITH,2499,2499.0,3.7,watches,1,2499.0
2466414,Daniel Klein,6950,3266.0,4.4,watches,1,3266.0
11791782,CASIO,3595,3235.0,4.6,watches,1,3235.0
19322504,V2A,1599,799.0,4.0,watches,1,799.0
8481603,French Connection,6250,6250.0,4.5,watches,1,6250.0
13698258,KREDO,11890,11890.0,3.5,watches,1,11890.0
16896006,GUESS,8900,8900.0,5.0,watches,1,8900.0
1708108,GIORDANO,7950,7950.0,2.8,watches,1,7950.0
19280114,Fastrack,3295,2636.0,4.3,watches,1,2636.0
18601682,BOLDFIT,699,699.0,3.8,yoga-mats,1,699.0
